{
  "language": "hi",
  "samples": 494,
  "corpus_bleu": 27.30393161370828,
  "corpus_chrfpp": 53.117313127925506
}