{
  "language": "kn",
  "samples": 636,
  "corpus_bleu": 11.00142327795095,
  "corpus_chrfpp": 47.42486134136439
}