{
  "language": "ur",
  "samples": 428,
  "corpus_bleu": 20.85661131691419,
  "corpus_chrfpp": 46.15408852087118
}