{
  "language": "te",
  "samples": 556,
  "corpus_bleu": 15.381906385161443,
  "corpus_chrfpp": 51.38219782355712
}