{
  "language": "ta",
  "samples": 622,
  "corpus_bleu": 10.389484124576441,
  "corpus_chrfpp": 49.309614684895415
}