{
  "language": "mr",
  "samples": 645,
  "corpus_bleu": 10.577331409791432,
  "corpus_chrfpp": 42.63309588984698
}