{
  "language": "bn",
  "samples": 646,
  "corpus_bleu": 13.35015439040086,
  "corpus_chrfpp": 45.93505086444974
}