{
  "language": "gu",
  "samples": 645,
  "corpus_bleu": 16.10912167829484,
  "corpus_chrfpp": 48.39178180228427
}